pair,method,layout,psnr,psnr_gain,psnr_gain_display,gain_r,gain_g,gain_b
DSC00244,classical,linear,17.1378,36.5147,23.9454,0.3108,0.4229,0.3336
DSC00244,classical,cfa,17.0901,35.4557,23.5991,0.3082,0.4208,0.3289
DSC00244,InvISP openraw-fivek-e53-best,linear,32.6868,39.7292,29.0858,0.8023,0.7925,0.6352
DSC00244,InvISP openraw-fivek-e53-best,cfa,32.0745,37.8168,28.1817,0.7959,0.7894,0.6273
DSC00244,InvISP nikon,linear,35.8671,40.7959,30.5738,0.8599,0.8097,0.7723
DSC00244,InvISP nikon,cfa,34.8244,38.5459,29.3367,0.8536,0.8065,0.7621
DSC00244,InvISP openraw-fivek-raise-e14-best,linear,34.6716,40.2857,29.9743,0.8142,0.846,0.7656
DSC00244,InvISP openraw-fivek-raise-e14-best,cfa,33.8026,38.1862,28.9234,0.8079,0.8427,0.7559
DSC00245,classical,linear,15.3494,37.8956,25.0041,0.3215,0.5112,0.3578
DSC00245,classical,cfa,15.3298,36.4745,24.523,0.3207,0.5016,0.3544
DSC00245,InvISP openraw-fivek-e53-best,linear,31.3388,39.4763,27.8678,0.8014,0.7355,0.6236
DSC00245,InvISP openraw-fivek-e53-best,cfa,30.9049,37.6102,27.0944,0.7996,0.7238,0.618
DSC00245,InvISP nikon,linear,34.4893,39.5673,29.3064,0.8445,0.8304,0.8198
DSC00245,InvISP nikon,cfa,33.7909,37.8155,28.251,0.8433,0.8167,0.8124
DSC00245,InvISP openraw-fivek-raise-e14-best,linear,31.8509,39.6034,28.6552,0.7815,0.7737,0.7799
DSC00245,InvISP openraw-fivek-raise-e14-best,cfa,31.4006,37.7081,27.7629,0.78,0.7617,0.7724
DSC00246,classical,linear,17.2199,35.7615,23.4104,0.3446,0.4043,0.2981
DSC00246,classical,cfa,17.1545,34.7475,23.0953,0.3424,0.4015,0.2951
DSC00246,InvISP openraw-fivek-e53-best,linear,27.7498,38.5145,28.8175,0.7042,0.7259,0.5511
DSC00246,InvISP openraw-fivek-e53-best,cfa,27.5375,36.9511,28.0545,0.7021,0.7224,0.5478
DSC00246,InvISP nikon,linear,30.1197,40.6504,30.7427,0.77,0.7356,0.6278
DSC00246,InvISP nikon,cfa,29.7798,38.3174,29.6318,0.7679,0.7325,0.6237
DSC00246,InvISP openraw-fivek-raise-e14-best,linear,30.4137,39.0988,29.565,0.7358,0.7802,0.6617
DSC00246,InvISP openraw-fivek-raise-e14-best,cfa,30.0537,37.3266,28.6901,0.7337,0.7764,0.6576
DSC00247,classical,linear,15.7045,35.7536,23.4893,0.3187,0.3784,0.2782
DSC00247,classical,cfa,15.5962,34.8862,23.2152,0.3148,0.3751,0.2736
DSC00247,InvISP openraw-fivek-e53-best,linear,26.9522,38.0803,28.4478,0.7011,0.7078,0.5475
DSC00247,InvISP openraw-fivek-e53-best,cfa,26.7551,36.8215,27.802,0.6971,0.7061,0.5423
DSC00247,InvISP nikon,linear,29.4373,40.2536,30.3871,0.7719,0.7248,0.6244
DSC00247,InvISP nikon,cfa,29.1284,38.3032,29.4104,0.7677,0.7231,0.6183
DSC00247,InvISP openraw-fivek-raise-e14-best,linear,29.6435,38.6771,29.1674,0.7313,0.7612,0.6598
DSC00247,InvISP openraw-fivek-raise-e14-best,cfa,29.3242,37.2436,28.4213,0.7271,0.7594,0.6534
